{
    "products": [
        {
            "name": "וול סטריט",
            "description" : "סלמון מעושן, סלמון נא, מלפפון ואבוקדו בציפוי פנקו בזיליקום בזילוף מיונז בזיליקום.",
            "price": 45
           
        },
        {
            "name": "קרייזי רול",
            "description" : " פוטומאקי טמפורה חם במילוי סלמון, אבוקדו, פטריות שיטאקה ועירית, בזילוף טריאקי הדרים ואיולי ספייסי",
            "price": 5
        },
        {
            "name": "צ'ופסטיקס רול",
            "description" : "דניס אפוי, אבוקדו ובצל ירוק, במעטפת שבבי טמפורה, שומשום שחור בנגיעות ממרח יוזו קושו, איולי חלפיניו ותערובת תבלינים יפניים",
            "price": 59
        },
        {
            "name": "יאנצ'י רול",
            "description" : "סלמון,בטטה,אבוקדו, אספרגוס ובצל ירוק במעטפת דניס וקרפצ'יו סלק, בזילוף איולי סלק ונבטי בזיל",
            "price": 61
        },
        {
            "name": "טאטקי סאקה",
            "description" : "טרטר אבוקדו, שיטאקה, מלפפון במעטפת קרפצ'יו סלק עם טאטאקי סלמון ואפונת וואסבי בזילוף איולי חלפיניו וטריאקי הדרים",
            "price": 65
        },
        {
            "name": "קוגראשי רול",
            "description" : "טרטר ספייסי סלמון, אבוקדו טמפורה, עירית, טמאגו במעטפת טונה בהברשת טריאקי הדרים ונגיעות ממרח לימון יפני ותערובת תבלינים אסיאתית",
            "price": 69,
            "img":"/assets/1.jpg" 
        },
        {
            "name": "סאנסט רול",
            "description" : "בטטה טמפורה, אורוגולה, קנפיו, אבוקדו טמפורה במעטפת סלק, בטטה ואבוקדו עם שבבי סלק ובטטה בזילוף איולי סלק ועירית קצוצה",
            "price": 58,
            "img":"/assets/2.jpg" 
        },
        {
            "name": "ריינבאו רול",
            "description" : "מלפפון, גזר, קנפיו (דלעת יפנית), אבוקדו ופטריות שיטאקה במעטפת סלמון, טונה אדומה ודניס בזילוף טריאקי ואיולי חלפיניו",
            "price": 67,
            "img":"/assets/3.jpg" 
        },
        {
            "name": "זירו רול",
            "description" : "אורומאקי במילוי מלפפון, אבוקדו, טרטר סלמון, קנפיו במעטפת עירית קצוצה ופלפל צ'ילי חריף קצוץ בזילוף טריאקי ואיולי ספייסי",
            "price": 59,
            "img":"/assets/4.jpg" 
        },
        {
            "name": "סמוראי רול",
            "description" : "סלמון בטמפורה, אבוקדו, מלפפון ובצל ירוק, במעטפת סלמון צרוב ובזילוף טריאקי ואיולי ספייסי",
            "price": 61,
            "img":"/assets/5.jpg" 
        },
        {
            "name": "דרגון רול",
            "description" : "דניס,בטטה טמפורה,קרפצ'יו סלק,מלפפון במעטפת אבוקודו וטונה בזילוף איולי חלפיניו ותערובת תבלינים יפנית וטריאקי הדרים",
            "price": 64,
            "img":"/assets/6.jpg" 
        },
        {
            "name": "ווג'י טמפורה",
            "description" : "אבוקדו, טמאגו, בטטה וקנפיו במעטפת פנקו מטוגן וזילוף טריאקי",
            "price": 45,
            "img":"/assets/7.jpg" 
        },
        {
            "name": "דואט ספיישל",
            "description" : "טונה וסלמון, אבוקדו טמפורה, קרפצ'יו בטטה, ממרח פונזו שיטאקה במעטפת שבבי סלק ועירית קצוצה, בזילוף איולי סלק",
            "price": 57,
            "img":"/assets/8.jpg" 
        },
        {
            "name": "ספייסי סלמון",
            "description" : "בצל ירוק, אבוקדו ובטטה בטמפורה עטוף בשבבי טמפורה ושומשום שחור",
            "price": 48,
            "img":"/assets/9.jpg" 
        },
        {
            "name": "דניס הוט רול",
            "description" : "דניס, אבוקדו, בטטה, טמאגו, עטוף בפאנקו חם, בזילוף טריאקי",
            "price": 51,
            "img":"/assets/10.jpg" 
        }
    ]
}